NODES__X,NODES__Y,NODES__Z,SHAPES__Nodes__001,SHAPES__Nodes__002,SHAPES__Nodes__003
0.0131,-0.019430324,0.051801,1033,1032,1
0.0131,-0.019430324,0.06699588,1033,3,0
0.0131,-0.018630324,0.06699588,1033,0,1032
0.0131,-0.018630324,0.051801,1033,1,2
0.0131,-0.017630324,0.050801,5,3,4
0.0131,-0.017630324,0.050001,0,3,5
0.0149,-0.017630324,0.050001,7,0,5
0.0149,-0.019430324,0.051801,7,5,6
0.0149,-0.019430324,0.06699588,7,1034,1032
0.0148,-0.019430324,0.06719588,9,10,8
0.0132,-0.019430324,0.06719588,8,1,1032
0.0135,-0.019155324,0.06779588,10,1,8
0.0135,-0.018905324,0.06779588,0,7,1032
0.0132,-0.018630324,0.06719588,1034,8,1032
0.0145,-0.019155324,0.06779588,11,12,10
0.0145,-0.018905324,0.06779588,13,2,10
0.0149,-0.018630324,0.06699588,2,1,10
0.0148,-0.018630324,0.06719588,12,13,10
0.0149,-0.018630324,0.051801,14,11,10
0.0149,-0.017630324,0.050801,9,14,10
0.0158,-0.0007,0.050801,15,14,9
0.0161,-0.000125544,0.050801,15,9,17
0.0161,0.0008,0.050801,9,8,17
0.0154,0.0008,0.050801,8,16,17
0.0154,0.006483231,0.050801,12,15,13
0.015305803,0.007089792,0.050801,15,17,13
0.012694197,0.007089792,0.050801,14,15,12
0.0126,0.006483231,0.050801,14,12,11
0.0126,0.0008,0.050801,13,16,2
0.0119,0.0008,0.050801,1035,1033,2
0.0119,-0.000125544,0.050801,13,17,16
0.0122,-0.0007,0.050801,1033,1035,18
0.0119,-0.001274456,0.050801,1035,2,16
0.0119,-0.0022,0.050801,1033,18,3
0.0121,-0.0022,0.050801,4,3,18
0.0126,-0.0022,0.050801,19,4,18
0.0126,-0.0032,0.050801,23,20,21
0.01235,-0.0032,0.050801,27,24,26
0.012257363,-0.003337662,0.050801,23,21,22
0.012592637,-0.004162338,0.050801,25,26,24
0.012568125,-0.004273205,0.050801,23,31,20
0.0124,-0.004273205,0.050801,28,23,24
0.012310484,-0.00441778,0.050801,28,24,27
0.0127,-0.0052,0.050801,30,31,28
0.0127,-0.0065,0.050801,30,28,29
0.0131,-0.0075,0.050801,23,28,31
0.0131,-0.0082,0.050801,35,20,31
0.0149,-0.0082,0.050801,35,31,32
0.0149,-0.0075,0.050801,34,32,33
0.0153,-0.0065,0.050801,35,32,34
0.0153,-0.0052,0.050801,35,58,20
0.015689516,-0.00441778,0.050801,38,39,36
0.0156,-0.004273205,0.050801,38,36,37
0.015431875,-0.004273205,0.050801,42,40,41
0.015407363,-0.004162338,0.050801,43,40,42
0.015742637,-0.003337662,0.050801,54,39,40
0.01565,-0.0032,0.050801,49,43,44
0.0154,-0.0032,0.050801,47,45,46
0.0154,-0.0022,0.050801,19,47,46
0.0159,-0.0022,0.050801,19,46,4
0.0161,-0.0022,0.050801,44,45,48
0.0161,-0.001274456,0.050801,49,50,43
0.0161,-0.001274456,0.050001,47,48,45
0.0158,-0.0007,0.050001,54,36,39
0.0161,-0.000125544,0.050001,44,48,49
0.0161,-0.0022,0.050001,50,53,40
0.0161,0.0008,0.050001,58,36,57
0.0159,-0.0022,0.050001,53,50,51
0.0154,-0.0022,0.050001,53,51,52
0.0154,-0.0032,0.050001,50,40,43
0.01565,-0.0032,0.050001,54,40,53
0.015742637,-0.003337662,0.050001,57,36,54
0.015407363,-0.004162338,0.050001,58,61,20
0.015431875,-0.004273205,0.050001,57,54,55
0.0156,-0.004273205,0.050001,57,55,56
0.015689516,-0.00441778,0.050001,58,35,36
0.0153,-0.0052,0.050001,60,61,59
0.0153,-0.0065,0.050001,61,58,59
0.0149,-0.0075,0.050001,61,62,63
0.0149,-0.0082,0.050001,61,63,20
0.0131,-0.0082,0.050001,20,63,64
0.0131,-0.0075,0.050001,21,20,64
0.0127,-0.0065,0.050001,60,65,62
0.0127,-0.0052,0.050001,61,60,62
0.012310484,-0.00441778,0.050001,22,21,66
0.0124,-0.004273205,0.050001,21,64,66
0.012568125,-0.004273205,0.050001,62,65,67
0.012592637,-0.004162338,0.050001,62,67,68
0.012257363,-0.003337662,0.050001,69,70,71
0.01235,-0.0032,0.050001,69,71,72
0.0126,-0.0032,0.050001,86,73,76
0.0126,-0.0022,0.050001,73,74,75
0.0121,-0.0022,0.050001,73,75,76
0.0119,-0.0022,0.050001,72,87,90
0.0119,-0.001274456,0.050001,78,81,82
0.0122,-0.0007,0.050001,69,90,68
0.0119,-0.000125544,0.050001,80,81,79
0.0119,0.0008,0.050001,6,5,80
0.0126,0.0008,0.050001,79,6,80
0.0126,0.006483231,0.050001,76,77,82
0.012694197,0.007089792,0.050001,83,76,82
0.015305803,0.007089792,0.050001,81,78,79
0.0154,0.006483231,0.050001,77,78,82
0.0154,0.0008,0.050001,62,68,63
0.015302113,0.007101265,0.050001033,72,73,86
0.015302113,0.007101265,0.050800967,99,100,102
0.015170732,0.007505615,0.050757295,83,84,86
0.012829268,0.007505615,0.050757295,84,85,86
0.012697887,0.007101265,0.050800967,83,86,76
0.012697887,0.007101265,0.050001033,72,86,87
0.012829268,0.007505615,0.050044705,87,88,90
0.015170732,0.007505615,0.050044705,69,72,90
0.015024877,0.007954508,0.05014012,88,89,90
0.015024877,0.007954508,0.05066188,90,91,68
0.014920318,0.008135234,0.050623466,95,91,94
0.013079682,0.008135234,0.050623466,94,92,93
0.012975123,0.007954508,0.05066188,91,92,94
0.012975123,0.007954508,0.05014012,68,91,95
0.013079682,0.008135234,0.050178534,103,95,98
0.014920318,0.008135234,0.050178534,95,96,98
0.014549349,0.0083,0.050276,96,97,98
0.014549349,0.0083,0.050526,100,101,102
0.013450651,0.0083,0.050526,98,99,102
0.013450651,0.0083,0.050276,103,98,102
0.0071,-0.019430324,0.051801,63,95,103
0.0071,-0.019430324,0.06699588,103,66,64
0.0071,-0.018630324,0.06699588,103,64,63
0.0071,-0.018630324,0.051801,63,68,95
0.0071,-0.017630324,0.050801,103,23,22
0.0071,-0.017630324,0.050001,103,22,66
0.0089,-0.017630324,0.050001,24,103,102
0.0089,-0.019430324,0.051801,24,23,103
0.0089,-0.019430324,0.06699588,102,101,25
0.0088,-0.019430324,0.06719588,102,25,24
0.0072,-0.019430324,0.06719588,25,104,105
0.0075,-0.019155324,0.06779588,25,101,104
0.0075,-0.018905324,0.06779588,106,108,105
0.0072,-0.018630324,0.06719588,108,25,105
0.0085,-0.019155324,0.06779588,108,106,107
0.0085,-0.018905324,0.06779588,26,25,108
0.0089,-0.018630324,0.06699588,100,108,109
0.0088,-0.018630324,0.06719588,26,108,100
0.0089,-0.018630324,0.051801,27,100,99
0.0089,-0.017630324,0.050801,26,100,27
0.0098,-0.0007,0.050801,27,99,98
0.0101,-0.000125544,0.050801,27,98,28
0.0101,0.0008,0.050801,98,29,28
0.0094,0.0008,0.050801,97,29,98
0.0094,0.006483231,0.050801,30,29,97
0.009305803,0.007089792,0.050801,30,97,96
0.006694197,0.007089792,0.050801,93,33,94
0.0066,0.006483231,0.050801,33,32,94
0.0066,0.0008,0.050801,96,95,31
0.0059,0.0008,0.050801,30,96,31
0.0059,-0.000125544,0.050801,94,32,95
0.0062,-0.0007,0.050801,32,31,95
0.0059,-0.001274456,0.050801,93,92,34
0.0059,-0.0022,0.050801,93,34,33
0.0061,-0.0022,0.050801,34,91,35
0.0066,-0.0022,0.050801,92,91,34
0.0066,-0.0032,0.050801,91,90,36
0.00635,-0.0032,0.050801,91,36,35
0.006257363,-0.003337662,0.050801,36,89,37
0.006592637,-0.004162338,0.050801,90,89,36
0.006568125,-0.004273205,0.050801,37,89,88
0.0064,-0.004273205,0.050801,37,88,38
0.006310484,-0.00441778,0.050801,88,87,39
0.0067,-0.0052,0.050801,88,39,38
0.0067,-0.0065,0.050801,40,39,87
0.0071,-0.0075,0.050801,86,40,87
0.0071,-0.0082,0.050801,86,41,40
0.0089,-0.0082,0.050801,86,85,41
0.0089,-0.0075,0.050801,85,42,41
0.0093,-0.0065,0.050801,85,84,42
0.0093,-0.0052,0.050801,43,42,84
0.009689516,-0.00441778,0.050801,43,84,83
0.0096,-0.004273205,0.050801,44,83,82
0.009431875,-0.004273205,0.050801,44,43,83
0.009407363,-0.004162338,0.050801,81,45,44
0.009742637,-0.003337662,0.050801,81,44,82
0.00965,-0.0032,0.050801,81,80,46
0.0094,-0.0032,0.050801,81,46,45
0.0094,-0.0022,0.050801,5,4,46
0.0099,-0.0022,0.050801,5,46,80
0.0101,-0.0022,0.050801,109,111,104
0.0101,-0.001274456,0.050801,101,100,109
0.0101,-0.001274456,0.050001,109,110,111
0.0098,-0.0007,0.050001,101,109,104
0.0101,-0.000125544,0.050001,105,104,106
0.0101,-0.0022,0.050001,111,112,106
0.0101,0.0008,0.050001,104,111,106
0.0099,-0.0022,0.050001,112,113,106
0.0094,-0.0022,0.050001,113,114,115
0.0094,-0.0032,0.050001,106,113,107
0.00965,-0.0032,0.050001,113,115,116
0.009742637,-0.003337662,0.050001,113,116,107
0.009407363,-0.004162338,0.050001,116,117,107
0.009431875,-0.004273205,0.050001,117,110,107
0.0096,-0.004273205,0.050001,110,109,107
0.009689516,-0.00441778,0.050001,109,108,107
0.0093,-0.0052,0.050001,110,117,112
0.0093,-0.0065,0.050001,118,119,117
0.0089,-0.0075,0.050001,119,112,117
0.0089,-0.0082,0.050001,111,110,112
0.0071,-0.0082,0.050001,114,119,120
0.0071,-0.0075,0.050001,114,112,119
0.0067,-0.0065,0.050001,114,120,121
0.0067,-0.0052,0.050001,113,112,114
0.006310484,-0.00441778,0.050001,122,115,114
0.0064,-0.004273205,0.050001,122,114,121
0.006568125,-0.004273205,0.050001,118,115,122
0.006592637,-0.004162338,0.050001,115,117,116
0.006257363,-0.003337662,0.050001,118,122,123
0.00635,-0.0032,0.050001,115,118,117
0.0066,-0.0032,0.050001,118,123,119
0.0066,-0.0022,0.050001,119,123,120
0.0061,-0.0022,0.050001,121,120,123
0.0059,-0.0022,0.050001,121,123,122
0.0059,-0.001274456,0.050001,6,47,19
0.0062,-0.0007,0.050001,6,79,47
0.0059,-0.000125544,0.050001,18,7,6
0.0059,0.0008,0.050001,18,6,19
0.0066,0.0008,0.050001,16,8,1034
0.0066,0.006483231,0.050001,7,18,1035
0.006694197,0.007089792,0.050001,16,1034,1035
0.009305803,0.007089792,0.050001,7,1035,1034
0.0094,0.006483231,0.050001,47,78,48
0.0094,0.0008,0.050001,79,78,47
0.009302113,0.007101265,0.050001033,78,77,49
0.009302113,0.007101265,0.050800967,78,49,48
0.009170732,0.007505615,0.050757295,49,77,76
0.006829268,0.007505615,0.050757295,49,76,50
0.006697887,0.007101265,0.050800967,75,50,76
0.006697887,0.007101265,0.050001033,75,51,50
0.006829268,0.007505615,0.050044705,51,74,52
0.009170732,0.007505615,0.050044705,51,75,74
0.009024877,0.007954508,0.05014012,52,74,73
0.009024877,0.007954508,0.05066188,52,73,53
0.008920318,0.008135234,0.050623466,54,53,72
0.007079682,0.008135234,0.050623466,53,73,72
0.006975123,0.007954508,0.05066188,54,72,71
0.006975123,0.007954508,0.05014012,54,71,55
0.007079682,0.008135234,0.050178534,71,70,56
0.008920318,0.008135234,0.050178534,71,56,55
0.008549349,0.0083,0.050276,56,69,57
0.008549349,0.0083,0.050526,70,69,56
0.007450651,0.0083,0.050526,69,68,58
0.007450651,0.0083,0.050276,69,58,57
0.0011,-0.019430324,0.051801,59,68,67
0.0011,-0.019430324,0.06699588,59,58,68
0.0011,-0.018630324,0.06699588,59,67,65
0.0011,-0.018630324,0.051801,59,65,60
0.0011,-0.017630324,0.050801,1037,1036,125
0.0011,-0.017630324,0.050001,1037,127,124
0.0029,-0.017630324,0.050001,1037,124,1036
0.0029,-0.019430324,0.051801,1037,125,126
0.0029,-0.019430324,0.06699588,129,127,128
0.0028,-0.019430324,0.06719588,124,127,129
0.0012,-0.019430324,0.06719588,131,124,129
0.0015,-0.019155324,0.06779588,131,129,130
0.0015,-0.018905324,0.06779588,131,1038,1036
0.0012,-0.018630324,0.06719588,125,132,134
0.0025,-0.019155324,0.06779588,132,125,1038
0.0025,-0.018905324,0.06779588,132,133,134
0.0029,-0.018630324,0.06699588,124,131,1036
0.0028,-0.018630324,0.06719588,125,1036,1038
0.0029,-0.018630324,0.051801,135,136,134
0.0029,-0.017630324,0.050801,137,126,134
0.0038,-0.0007,0.050801,126,125,134
0.0041,-0.000125544,0.050801,136,137,134
0.0041,0.0008,0.050801,135,134,138
0.0034,0.0008,0.050801,134,133,138
0.0034,0.006483231,0.050801,139,138,133
0.003305803,0.007089792,0.050801,139,133,141
0.000694197,0.007089792,0.050801,133,132,141
0.0006,0.006483231,0.050801,132,140,141
0.0006,0.0008,0.050801,136,139,137
-0.0001,0.0008,0.050801,139,141,137
-0.0001,-0.000125544,0.050801,138,139,136
0.0002,-0.0007,0.050801,138,136,135
-0.0001,-0.001274456,0.050801,126,141,140
-0.0001,-0.0022,0.050801,1039,1037,126
0.0001,-0.0022,0.050801,126,137,141
0.0006,-0.0022,0.050801,1037,1039,142
0.0006,-0.0032,0.050801,1039,126,140
0.00035,-0.0032,0.050801,1037,142,127
0.000257363,-0.003337662,0.050801,128,127,142
0.000592637,-0.004162338,0.050801,143,128,142
0.000568125,-0.004273205,0.050801,147,144,145
0.0004,-0.004273205,0.050801,149,150,151
0.000310484,-0.00441778,0.050801,147,145,146
0.0007,-0.0052,0.050801,149,151,148
0.0007,-0.0065,0.050801,147,155,144
0.0011,-0.0075,0.050801,147,148,151
0.0011,-0.0082,0.050801,147,151,152
0.0029,-0.0082,0.050801,154,155,152
0.0029,-0.0075,0.050801,154,152,153
0.0033,-0.0065,0.050801,147,152,155
0.0033,-0.0052,0.050801,144,155,159
0.003689516,-0.00441778,0.050801,159,155,156
0.0036,-0.004273205,0.050801,158,156,157
0.003431875,-0.004273205,0.050801,159,156,158
0.003407363,-0.004162338,0.050801,144,159,182
0.003742637,-0.003337662,0.050801,162,163,160
0.00365,-0.0032,0.050801,162,160,161
0.0034,-0.0032,0.050801,166,164,165
0.0034,-0.0022,0.050801,167,164,166
0.0039,-0.0022,0.050801,163,177,178
0.0041,-0.0022,0.050801,173,167,168
0.0041,-0.001274456,0.050801,170,171,172
0.0041,-0.001274456,0.050001,128,143,171
0.0038,-0.0007,0.050001,128,171,170
0.0041,-0.000125544,0.050001,172,168,169
0.0041,-0.0022,0.050001,173,174,167
0.0041,0.0008,0.050001,170,172,169
0.0039,-0.0022,0.050001,163,181,160
0.0034,-0.0022,0.050001,172,173,168
0.0034,-0.0032,0.050001,177,164,167
0.00365,-0.0032,0.050001,181,182,159
0.003742637,-0.003337662,0.050001,177,174,175
0.003407363,-0.004162338,0.050001,177,175,176
0.003431875,-0.004273205,0.050001,177,167,174
0.0036,-0.004273205,0.050001,163,164,177
0.003689516,-0.00441778,0.050001,163,178,181
0.0033,-0.0052,0.050001,182,185,144
0.0033,-0.0065,0.050001,181,178,179
0.0029,-0.0075,0.050001,181,179,180
0.0029,-0.0082,0.050001,181,159,160
0.0011,-0.0082,0.050001,184,185,183
0.0011,-0.0075,0.050001,185,182,183
0.0007,-0.0065,0.050001,185,186,187
0.0007,-0.0052,0.050001,185,187,144
0.000310484,-0.00441778,0.050001,144,187,145
0.0004,-0.004273205,0.050001,187,188,145
0.000568125,-0.004273205,0.050001,184,189,186
0.000592637,-0.004162338,0.050001,185,184,186
0.000257363,-0.003337662,0.050001,146,145,190
0.00035,-0.0032,0.050001,145,188,190
0.0006,-0.0032,0.050001,186,189,191
0.0006,-0.0022,0.050001,186,191,192
0.0001,-0.0022,0.050001,193,194,195
-0.0001,-0.0022,0.050001,193,195,196
-0.0001,-0.001274456,0.050001,210,197,207
0.0002,-0.0007,0.050001,197,198,199
-0.0001,-0.000125544,0.050001,197,199,200
-0.0001,0.0008,0.050001,196,211,193
0.0006,0.0008,0.050001,205,206,202
0.0006,0.006483231,0.050001,215,192,193
0.000694197,0.007089792,0.050001,202,203,204
0.003305803,0.007089792,0.050001,203,130,129
0.0034,0.006483231,0.050001,203,129,204
0.0034,0.0008,0.050001,206,207,201
0.003302113,0.007101265,0.050001033,207,200,201
0.003302113,0.007101265,0.050800967,205,202,204
0.003170732,0.007505615,0.050757295,206,201,202
0.000829268,0.007505615,0.050757295,186,192,187
0.000697887,0.007101265,0.050800967,197,210,211
0.000697887,0.007101265,0.050001033,223,225,226
0.000829268,0.007505615,0.050044705,207,208,210
0.003170732,0.007505615,0.050044705,208,209,210
0.003024877,0.007954508,0.05014012,197,200,207
0.003024877,0.007954508,0.05066188,196,197,211
0.002920318,0.008135234,0.050623466,211,212,214
0.001079682,0.008135234,0.050623466,211,214,193
0.000975123,0.007954508,0.05066188,212,213,214
0.000975123,0.007954508,0.05014012,214,215,193
0.001079682,0.008135234,0.050178534,219,215,218
0.002920318,0.008135234,0.050178534,218,216,217
0.002549349,0.0083,0.050276,215,216,218
0.002549349,0.0083,0.050526,215,219,187
0.001450651,0.0083,0.050526,219,222,227
0.001450651,0.0083,0.050276,219,220,222
-0.0049,-0.019430324,0.051801,220,221,222
-0.0049,-0.019430324,0.06699588,225,223,224
-0.0049,-0.018630324,0.06699588,222,223,226
-0.0049,-0.018630324,0.051801,227,222,226
-0.0049,-0.017630324,0.050801,227,190,188
-0.0049,-0.017630324,0.050001,227,188,187
-0.0031,-0.017630324,0.050001,192,215,187
-0.0031,-0.019430324,0.051801,187,219,227
-0.0031,-0.019430324,0.06699588,227,147,190
-0.0032,-0.019430324,0.06719588,146,190,147
-0.0048,-0.019430324,0.06719588,148,227,226
-0.0045,-0.019155324,0.06779588,148,147,227
-0.0045,-0.018905324,0.06779588,226,225,149
-0.0048,-0.018630324,0.06719588,226,149,148
-0.0035,-0.019155324,0.06779588,149,228,229
-0.0035,-0.018905324,0.06779588,149,225,228
-0.0031,-0.018630324,0.06699588,230,232,229
-0.0032,-0.018630324,0.06719588,232,149,229
-0.0031,-0.018630324,0.051801,232,230,231
-0.0031,-0.017630324,0.050801,150,149,232
-0.0022,-0.0007,0.050801,224,150,232
-0.0019,-0.000125544,0.050801,224,232,233
-0.0019,0.0008,0.050801,150,224,223
-0.0026,0.0008,0.050801,150,223,151
-0.0026,0.006483231,0.050801,151,223,222
-0.002694197,0.007089792,0.050801,151,222,152
-0.005305803,0.007089792,0.050801,222,153,152
-0.0054,0.006483231,0.050801,221,153,222
-0.0054,0.0008,0.050801,154,153,221
-0.0061,0.0008,0.050801,154,221,220
-0.0061,-0.000125544,0.050801,217,157,218
-0.0058,-0.0007,0.050801,157,156,218
-0.0061,-0.001274456,0.050801,154,220,219
-0.0061,-0.0022,0.050801,154,219,155
-0.0059,-0.0022,0.050801,155,219,156
-0.0054,-0.0022,0.050801,219,218,156
-0.0054,-0.0032,0.050801,217,216,158
-0.00565,-0.0032,0.050801,217,158,157
-0.005742637,-0.003337662,0.050801,158,215,159
-0.005407363,-0.004162338,0.050801,216,215,158
-0.005431875,-0.004273205,0.050801,215,214,160
-0.0056,-0.004273205,0.050801,215,160,159
-0.005689516,-0.00441778,0.050801,161,214,213
-0.0053,-0.0052,0.050801,161,160,214
-0.0053,-0.0065,0.050801,161,213,212
-0.0049,-0.0075,0.050801,161,212,162
-0.0049,-0.0082,0.050801,212,211,163
-0.0031,-0.0082,0.050801,212,163,162
-0.0031,-0.0075,0.050801,163,211,164
-0.0027,-0.0065,0.050801,211,210,164
-0.0027,-0.0052,0.050801,164,209,165
-0.002310484,-0.00441778,0.050801,210,209,164
-0.0024,-0.004273205,0.050801,209,166,165
-0.002568125,-0.004273205,0.050801,209,208,166
-0.002592637,-0.004162338,0.050801,166,207,167
-0.002257363,-0.003337662,0.050801,208,207,166
-0.00235,-0.0032,0.050801,168,207,206
-0.0026,-0.0032,0.050801,168,167,207
-0.0026,-0.0022,0.050801,168,205,169
-0.0021,-0.0022,0.050801,206,205,168
-0.0019,-0.0022,0.050801,205,204,170
-0.0019,-0.001274456,0.050801,205,170,169
-0.0019,-0.001274456,0.050001,129,128,170
-0.0022,-0.0007,0.050001,129,170,204
-0.0019,-0.000125544,0.050001,233,235,228
-0.0019,-0.0022,0.050001,225,224,233
-0.0019,0.0008,0.050001,233,234,235
-0.0021,-0.0022,0.050001,225,233,228
-0.0026,-0.0022,0.050001,229,228,230
-0.0026,-0.0032,0.050001,235,236,230
-0.00235,-0.0032,0.050001,228,235,230
-0.002257363,-0.003337662,0.050001,236,237,230
-0.002592637,-0.004162338,0.050001,238,239,237
-0.002568125,-0.004273205,0.050001,230,237,231
-0.0024,-0.004273205,0.050001,239,240,237
-0.002310484,-0.00441778,0.050001,237,240,231
-0.0027,-0.0052,0.050001,240,241,231
-0.0027,-0.0065,0.050001,241,234,231
-0.0031,-0.0075,0.050001,234,233,231
-0.0031,-0.0082,0.050001,233,232,231
-0.0049,-0.0082,0.050001,234,241,235
-0.0049,-0.0075,0.050001,241,242,236
-0.0053,-0.0065,0.050001,242,243,236
-0.0053,-0.0052,0.050001,241,236,235
-0.005689516,-0.00441778,0.050001,238,243,244
-0.0056,-0.004273205,0.050001,238,236,243
-0.005431875,-0.004273205,0.050001,238,244,245
-0.005407363,-0.004162338,0.050001,237,236,238
-0.005742637,-0.003337662,0.050001,239,245,246
-0.00565,-0.0032,0.050001,239,238,245
-0.0054,-0.0032,0.050001,239,247,242
-0.0054,-0.0022,0.050001,239,241,240
-0.0059,-0.0022,0.050001,239,246,247
-0.0061,-0.0022,0.050001,239,242,241
-0.0061,-0.001274456,0.050001,242,244,243
-0.0058,-0.0007,0.050001,242,247,244
-0.0061,-0.000125544,0.050001,245,244,247
-0.0061,0.0008,0.050001,245,247,246
-0.0054,0.0008,0.050001,130,171,143
-0.0054,0.006483231,0.050001,130,203,171
-0.005305803,0.007089792,0.050001,142,131,130
-0.002694197,0.007089792,0.050001,142,130,143
-0.0026,0.006483231,0.050001,140,132,1038
-0.0026,0.0008,0.050001,131,142,1039
-0.002697887,0.007101265,0.050001033,140,1038,1039
-0.002697887,0.007101265,0.050800967,131,1039,1038
-0.002829268,0.007505615,0.050757295,171,202,172
-0.005170732,0.007505615,0.050757295,203,202,171
-0.005302113,0.007101265,0.050800967,172,202,201
-0.005302113,0.007101265,0.050001033,172,201,173
-0.005170732,0.007505615,0.050044705,173,201,200
-0.002829268,0.007505615,0.050044705,173,200,174
-0.002975123,0.007954508,0.05014012,200,199,175
-0.002975123,0.007954508,0.05066188,200,175,174
-0.003079682,0.008135234,0.050623466,175,198,176
-0.004920318,0.008135234,0.050623466,175,199,198
-0.005024877,0.007954508,0.05066188,198,177,176
-0.005024877,0.007954508,0.05014012,198,197,177
-0.004920318,0.008135234,0.050178534,178,177,196
-0.003079682,0.008135234,0.050178534,177,197,196
-0.003450651,0.0083,0.050276,178,196,195
-0.003450651,0.0083,0.050526,178,195,179
-0.004549349,0.0083,0.050526,194,179,195
-0.004549349,0.0083,0.050276,194,180,179
-0.01068,-0.003051,0.051621,180,193,181
-0.01068,-0.01563032,0.051621,194,193,180
-0.01068,0.00245,0.051621,193,192,182
-0.010575,0.0033,0.051621,193,182,181
-0.01068,0.0033,0.051621,182,191,183
-0.01068,0.0046,0.051621,192,191,182
-0.01068,0.0105,0.051621,191,189,184
-0.0107225,0.0107,0.051621,191,184,183
-0.0112775,0.0107,0.051621,1041,1040,249
-0.01132,0.0105,0.051621,1041,251,248
-0.01132,0.0046,0.051621,1041,248,1040
-0.01132,0.0033,0.051621,1041,249,250
-0.011425,0.0033,0.051621,253,251,252
-0.01132,0.00245,0.051621,248,251,253
-0.01132,-0.003051,0.051621,248,254,255
-0.01132,-0.01563032,0.051621,248,253,254
-0.01068,-0.01663032,0.052621,1040,248,1042
-0.01132,-0.01663032,0.052621,258,249,257
-0.01132,-0.01663032,0.067420724,256,249,1042
-0.01068,-0.01663032,0.067420724,249,256,257
-0.01068,-0.01727032,0.067420724,248,255,1042
-0.01068,-0.01727032,0.052621,249,1040,1042
-0.01068,-0.01563032,0.050981,259,260,258
-0.01068,-0.003051,0.050981,261,250,258
-0.01068,0.00245,0.050981,250,249,258
-0.010575,0.0033,0.050981,260,261,258
-0.01068,0.0033,0.050981,258,257,259
-0.01068,0.0046,0.050981,257,262,259
-0.01068,0.0105,0.050981,263,262,257
-0.0107225,0.0107,0.050981,263,257,265
-0.010814732,0.011134032,0.051105457,257,256,265
-0.01085,0.0113,0.051226,256,264,265
-0.01085,0.0113,0.051376,263,265,260
-0.010814732,0.011134032,0.051496543,265,261,260
-0.01132,-0.01563032,0.050981,262,263,260
-0.01132,-0.003051,0.050981,262,260,259
-0.01132,0.00245,0.050981,261,265,250
-0.011425,0.0033,0.050981,1043,1041,250
-0.01132,0.0033,0.050981,264,250,265
-0.01132,0.0046,0.050981,1043,251,1041
-0.01132,0.0105,0.050981,1043,250,264
-0.0112775,0.0107,0.050981,1043,266,251
-0.01132,-0.01727032,0.052621,251,266,252
-0.01132,-0.01727032,0.067420724,266,267,252
-0.011185268,0.011134032,0.051496543,271,268,269
-0.01115,0.0113,0.051376,275,272,274
-0.01115,0.0113,0.051226,271,269,270
-0.011185268,0.011134032,0.051105457,273,274,272
-0.0111,-0.01705032,0.067801775,271,279,268
-0.0111,-0.01685032,0.067801775,275,271,272
-0.0109,-0.01685032,0.067801775,275,276,271
-0.0109,-0.01705032,0.067801775,278,279,276
0.0071,-0.0092,0.056001,278,276,277
0.0071,-0.012630319,0.056001,271,276,279
0.0071,-0.0075,0.056001,268,283,306
0.0067,-0.0065,0.056001,283,279,280
0.0067,-0.0055,0.056001,282,280,281
0.006305264,-0.004332017,0.056001,283,280,282
0.0064,-0.0042,0.056001,268,279,283
0.00655,-0.0042,0.056001,286,287,284
0.006638235,-0.004052941,0.056001,286,284,285
0.006261765,-0.003347059,0.056001,290,288,289
0.00635,-0.0032,0.056001,291,288,290
0.0066,-0.0032,0.056001,301,302,287
0.0066,-0.0022,0.056001,297,291,292
0.0061,-0.0022,0.056001,294,295,296
0.0059,-0.0022,0.056001,267,295,294
0.0059,0.0008,0.056001,267,294,252
0.0066,0.0008,0.056001,293,296,297
0.0066,0.006444389,0.056001,297,298,291
0.006697887,0.007062423,0.056001,294,296,293
0.00677508,0.0073,0.056001,287,305,284
0.00922492,0.0073,0.056001,293,297,292
0.009302113,0.007062423,0.056001,301,288,291
0.0094,0.006444389,0.056001,306,284,305
0.0094,0.0008,0.056001,301,298,299
0.0101,0.0008,0.056001,301,299,300
0.0101,-0.0022,0.056001,301,291,298
0.0099,-0.0022,0.056001,301,287,288
0.0094,-0.0022,0.056001,287,302,305
0.0094,-0.0032,0.056001,306,309,268
0.00965,-0.0032,0.056001,305,302,303
0.009738235,-0.003347059,0.056001,305,303,304
0.009361765,-0.004052941,0.056001,306,283,284
0.00945,-0.0042,0.056001,308,309,307
0.0096,-0.0042,0.056001,309,306,307
0.009694736,-0.004332017,0.056001,309,310,311
0.0093,-0.0055,0.056001,309,311,268
0.0093,-0.0065,0.056001,268,311,269
0.0089,-0.0075,0.056001,311,312,269
0.0089,-0.0092,0.056001,308,313,310
0.0089,-0.012630319,0.056001,309,308,310
0.0071,-0.014430319,0.057801,270,269,314
0.0089,-0.014430319,0.057801,269,312,314
0.0089,-0.014430319,0.067001,310,313,315
0.0088,-0.014430319,0.067201,310,315,316
0.0072,-0.014430319,0.067201,317,318,319
0.0071,-0.014430319,0.067001,317,319,320
0.0071,-0.013630319,0.067001,334,321,331
0.0071,-0.013630319,0.057801,321,322,323
0.0071,-0.012630319,0.056801,321,323,324
0.0071,-0.0092,0.056801,317,320,335
0.0071,-0.0075,0.056801,325,326,329
0.0067,-0.0065,0.056801,317,338,316
0.0067,-0.0055,0.056801,326,327,328
0.006305264,-0.004332017,0.056801,327,254,253
0.0064,-0.0042,0.056801,327,253,328
0.00655,-0.0042,0.056801,324,325,330
0.006638235,-0.004052941,0.056801,331,324,330
0.006261765,-0.003347059,0.056801,329,326,328
0.00635,-0.0032,0.056801,330,325,329
0.0066,-0.0032,0.056801,310,316,311
0.0066,-0.0022,0.056801,334,335,321
0.0061,-0.0022,0.056801,347,348,350
0.0059,-0.0022,0.056801,331,332,334
0.0059,0.0008,0.056801,332,333,334
0.0089,-0.012630319,0.056801,321,324,331
0.0089,-0.0092,0.056801,335,320,321
0.0089,-0.0075,0.056801,335,336,338
0.0093,-0.0065,0.056801,338,317,335
0.0093,-0.0055,0.056801,336,337,338
0.009694736,-0.004332017,0.056801,338,339,316
0.0096,-0.0042,0.056801,343,339,342
0.00945,-0.0042,0.056801,342,340,341
0.009361765,-0.004052941,0.056801,339,340,342
0.009738235,-0.003347059,0.056801,316,339,311
0.00965,-0.0032,0.056801,351,311,343
0.0094,-0.0032,0.056801,343,344,346
0.0094,-0.0022,0.056801,344,345,346
0.0099,-0.0022,0.056801,348,349,350
0.0101,-0.0022,0.056801,350,351,347
0.0101,0.0008,0.056801,351,346,347
0.0094,0.0008,0.056801,346,351,343
0.0094,0.006444389,0.056801,351,314,312
0.009302113,0.007062423,0.056801,351,312,311
0.00922492,0.0073,0.056801,339,343,311
0.00677508,0.0073,0.056801,314,351,271
0.006697887,0.007062423,0.056801,314,271,270
0.0066,0.006444389,0.056801,272,351,350
0.0066,0.0008,0.056801,272,271,351
0.0089,-0.013630319,0.057801,349,272,350
0.0072,-0.013630319,0.067201,349,273,272
0.0088,-0.013630319,0.067201,353,273,349
0.0089,-0.013630319,0.067001,353,349,352
0.009012257,0.007954508,0.05614012,354,356,353
0.009012257,0.007954508,0.05666188,356,273,353
0.006987743,0.007954508,0.05666188,356,354,355
0.008907698,0.008135234,0.056623466,274,273,356
0.007092302,0.008135234,0.056623466,357,274,356
0.007463271,0.0083,0.056526,357,348,274
0.007463271,0.0083,0.056276,274,348,347
0.007092302,0.008135234,0.056178534,274,347,275
0.006987743,0.007954508,0.05614012,275,347,346
0.008907698,0.008135234,0.056178534,275,346,276
0.008536729,0.0083,0.056276,345,277,276
0.008536729,0.0083,0.056526,345,276,346
0.0085,-0.014155319,0.067801,278,277,345
0.0085,-0.013905319,0.067801,278,345,344
0.0075,-0.013905319,0.067801,341,281,342
0.0075,-0.014155319,0.067801,281,280,342
-0.0049,-0.0092,0.056001,278,344,279
-0.0049,-0.012630319,0.056001,344,343,279
-0.0049,-0.0075,0.056001,280,279,343
-0.0053,-0.0065,0.056001,342,280,343
-0.0053,-0.0055,0.056001,281,341,340
-0.005694736,-0.004332017,0.056001,281,340,282
-0.0056,-0.0042,0.056001,282,339,283
-0.00545,-0.0042,0.056001,340,339,282
-0.005361765,-0.004052941,0.056001,339,338,284
-0.005738235,-0.003347059,0.056001,339,284,283
-0.00565,-0.0032,0.056001,284,337,285
-0.0054,-0.0032,0.056001,338,337,284
-0.0054,-0.0022,0.056001,286,285,337
-0.0059,-0.0022,0.056001,286,337,336
-0.0061,-0.0022,0.056001,287,336,335
-0.0061,0.0008,0.056001,287,286,336
-0.0054,0.0008,0.056001,288,287,335
-0.0054,0.006444389,0.056001,334,288,335
-0.005302113,0.007062423,0.056001,333,289,288
-0.00522492,0.0073,0.056001,333,288,334
-0.00277508,0.0073,0.056001,333,290,289
-0.002697887,0.007062423,0.056001,333,332,290
-0.0026,0.006444389,0.056001,332,331,291
-0.0026,0.0008,0.056001,332,291,290
-0.0019,0.0008,0.056001,292,331,330
-0.0019,-0.0022,0.056001,292,291,331
-0.0021,-0.0022,0.056001,330,329,293
-0.0026,-0.0022,0.056001,330,293,292
-0.0026,-0.0032,0.056001,329,328,294
-0.00235,-0.0032,0.056001,329,294,293
-0.002261765,-0.003347059,0.056001,253,252,294
-0.002638235,-0.004052941,0.056001,253,294,328
-0.00255,-0.0042,0.056001,357,359,352
-0.0024,-0.0042,0.056001,349,348,357
-0.002305264,-0.004332017,0.056001,357,358,359
-0.0027,-0.0055,0.056001,349,357,352
-0.0027,-0.0065,0.056001,353,352,354
-0.0031,-0.0075,0.056001,359,360,354
-0.0031,-0.0092,0.056001,352,359,354
-0.0031,-0.012630319,0.056001,360,361,354
-0.0049,-0.014430319,0.057801,361,362,363
-0.0031,-0.014430319,0.057801,354,361,355
-0.0031,-0.014430319,0.067001,361,363,364
-0.0032,-0.014430319,0.067201,361,364,355
-0.0048,-0.014430319,0.067201,364,365,355
-0.0049,-0.014430319,0.067001,365,358,355
-0.0049,-0.013630319,0.067001,358,357,355
-0.0049,-0.013630319,0.057801,357,356,355
-0.0049,-0.012630319,0.056801,365,360,358
-0.0049,-0.0092,0.056801,366,367,365
-0.0049,-0.0075,0.056801,367,360,365
-0.0053,-0.0065,0.056801,360,359,358
-0.0053,-0.0055,0.056801,367,369,362
-0.005694736,-0.004332017,0.056801,362,360,367
-0.0056,-0.0042,0.056801,367,368,369
-0.00545,-0.0042,0.056801,361,360,362
-0.005361765,-0.004052941,0.056801,363,369,370
-0.005738235,-0.003347059,0.056801,363,362,369
-0.00565,-0.0032,0.056801,366,370,371
-0.0054,-0.0032,0.056801,363,365,364
-0.0054,-0.0022,0.056801,366,363,370
-0.0059,-0.0022,0.056801,363,366,365
-0.0061,-0.0022,0.056801,366,368,367
-0.0061,0.0008,0.056801,366,371,368
-0.0031,-0.012630319,0.056801,369,368,371
-0.0031,-0.0092,0.056801,369,371,370
-0.0031,-0.0075,0.056801,254,295,267
-0.0027,-0.0065,0.056801,254,327,295
-0.0027,-0.0055,0.056801,266,255,254
-0.002305264,-0.004332017,0.056801,266,254,267
-0.0024,-0.0042,0.056801,264,256,1042
-0.00255,-0.0042,0.056801,255,266,1043
-0.002638235,-0.004052941,0.056801,264,1042,1043
-0.002261765,-0.003347059,0.056801,255,1043,1042
-0.00235,-0.0032,0.056801,295,326,296
-0.0026,-0.0032,0.056801,327,326,295
-0.0026,-0.0022,0.056801,325,297,296
-0.0021,-0.0022,0.056801,325,296,326
-0.0019,-0.0022,0.056801,297,325,324
-0.0019,0.0008,0.056801,297,324,298
-0.0026,0.0008,0.056801,323,298,324
-0.0026,0.006444389,0.056801,323,299,298
-0.002697887,0.007062423,0.056801,299,323,322
-0.00277508,0.0073,0.056801,299,322,300
-0.00522492,0.0073,0.056801,321,301,300
-0.005302113,0.007062423,0.056801,321,300,322
-0.0054,0.006444389,0.056801,302,301,320
-0.0054,0.0008,0.056801,301,321,320
-0.0031,-0.013630319,0.057801,319,302,320
-0.0048,-0.013630319,0.067201,319,303,302
-0.0032,-0.013630319,0.067201,304,303,319
-0.0031,-0.013630319,0.067001,304,319,318
-0.002987743,0.007954508,0.05614012,305,318,317
-0.002987743,0.007954508,0.05666188,305,304,318
-0.005012257,0.007954508,0.05666188,317,316,306
-0.003092302,0.008135234,0.056623466,317,306,305
-0.004907698,0.008135234,0.056623466,307,316,315
-0.004536729,0.0083,0.056526,307,306,316
-0.004536729,0.0083,0.056276,313,308,307
-0.004907698,0.008135234,0.056178534,313,307,315
-0.005012257,0.007954508,0.05614012,1045,1044,373
-0.003092302,0.008135234,0.056178534,1045,375,372
-0.003463271,0.0083,0.056276,1045,372,1044
-0.003463271,0.0083,0.056526,1045,373,374
-0.0035,-0.014155319,0.067801,377,375,376
-0.0035,-0.013905319,0.067801,372,375,377
-0.0045,-0.013905319,0.067801,372,377,378
-0.0045,-0.014155319,0.067801,372,378,379
0.0131,-0.0092,0.056001,379,1046,1044
0.0131,-0.012630319,0.056001,380,381,382
0.0131,-0.0075,0.056001,380,373,1046
0.0127,-0.0065,0.056001,380,382,373
0.0127,-0.0055,0.056001,372,379,1044
0.012305264,-0.004332017,0.056001,373,1044,1046
0.0124,-0.0042,0.056001,383,384,382
0.01255,-0.0042,0.056001,385,374,382
0.012638235,-0.004052941,0.056001,374,373,382
0.012261765,-0.003347059,0.056001,384,385,382
0.01235,-0.0032,0.056001,386,383,381
0.0126,-0.0032,0.056001,383,382,381
0.0126,-0.0022,0.056001,387,386,381
0.0121,-0.0022,0.056001,387,381,389
0.0119,-0.0022,0.056001,381,380,389
0.0119,0.0008,0.056001,380,388,389
0.0126,0.0008,0.056001,385,384,387
0.0126,0.006444389,0.056001,389,385,387
0.012697887,0.007062423,0.056001,386,387,384
0.01277508,0.0073,0.056001,386,384,383
0.01522492,0.0073,0.056001,385,389,374
0.015302113,0.007062423,0.056001,1047,1045,374
0.0154,0.006444389,0.056001,388,374,389
0.0154,0.0008,0.056001,1045,1047,390
0.0161,0.0008,0.056001,1047,374,388
0.0161,-0.0022,0.056001,1045,390,375
0.0159,-0.0022,0.056001,376,375,390
0.0154,-0.0022,0.056001,391,376,390
0.0154,-0.0032,0.056001,395,392,393
0.01565,-0.0032,0.056001,399,396,398
0.015738235,-0.003347059,0.056001,395,393,394
0.015361765,-0.004052941,0.056001,397,398,396
0.01545,-0.0042,0.056001,395,403,392
0.0156,-0.0042,0.056001,396,399,400
0.015694736,-0.004332017,0.056001,396,400,395
0.0153,-0.0055,0.056001,402,403,400
0.0153,-0.0065,0.056001,402,400,401
0.0149,-0.0075,0.056001,395,400,403
0.0149,-0.0092,0.056001,430,392,403
0.0149,-0.012630319,0.056001,407,403,404
0.0131,-0.014430319,0.057801,406,404,405
0.0149,-0.014430319,0.057801,407,404,406
0.0149,-0.014430319,0.067001,430,403,407
0.0148,-0.014430319,0.067201,410,411,408
0.0132,-0.014430319,0.067201,410,408,409
0.0131,-0.014430319,0.067001,414,412,413
0.0131,-0.013630319,0.067001,415,412,414
0.0131,-0.013630319,0.057801,425,426,411
0.0131,-0.012630319,0.056801,421,415,416
0.0131,-0.0092,0.056801,419,417,418
0.0131,-0.0075,0.056801,391,419,418
0.0127,-0.0065,0.056801,391,418,376
0.0127,-0.0055,0.056801,420,416,417
0.012305264,-0.004332017,0.056801,421,422,415
0.0124,-0.0042,0.056801,419,420,417
0.01255,-0.0042,0.056801,426,408,411
0.012638235,-0.004052941,0.056801,420,421,416
0.012261765,-0.003347059,0.056801,412,422,425
0.01235,-0.0032,0.056801,429,430,407
0.0126,-0.0032,0.056801,425,422,423
0.0126,-0.0022,0.056801,425,423,424
0.0121,-0.0022,0.056801,412,415,422
0.0119,-0.0022,0.056801,425,411,412
0.0119,0.0008,0.056801,429,408,426
0.0149,-0.012630319,0.056801,430,433,392
0.0149,-0.0092,0.056801,429,426,427
0.0149,-0.0075,0.056801,429,427,428
0.0153,-0.0065,0.056801,429,407,408
0.0153,-0.0055,0.056801,432,433,431
0.015694736,-0.004332017,0.056801,433,430,431
0.0156,-0.0042,0.056801,434,435,433
0.01545,-0.0042,0.056801,435,392,433
0.015361765,-0.004052941,0.056801,435,436,393
0.015738235,-0.003347059,0.056801,392,435,393
0.01565,-0.0032,0.056801,432,437,434
0.0154,-0.0032,0.056801,433,432,434
0.0154,-0.0022,0.056801,394,393,438
0.0159,-0.0022,0.056801,393,436,438
0.0161,-0.0022,0.056801,434,437,439
0.0161,0.0008,0.056801,434,439,440
0.0154,0.0008,0.056801,441,442,443
0.0154,0.006444389,0.056801,441,443,444
0.015302113,0.007062423,0.056801,448,455,458
0.01522492,0.0073,0.056801,445,446,447
0.01277508,0.0073,0.056801,445,447,448
0.012697887,0.007062423,0.056801,441,444,462
0.0126,0.006444389,0.056801,453,454,450
0.0126,0.0008,0.056801,463,440,441
0.0149,-0.013630319,0.057801,452,453,451
0.0132,-0.013630319,0.067201,377,452,378
0.0148,-0.013630319,0.067201,452,451,378
0.0149,-0.013630319,0.067001,448,449,454
0.015012257,0.007954508,0.05614012,455,448,454
0.015012257,0.007954508,0.05666188,453,450,451
0.012987743,0.007954508,0.05666188,454,449,450
0.014907698,0.008135234,0.056623466,434,440,435
0.013092302,0.008135234,0.056623466,458,459,445
0.013463271,0.0083,0.056526,471,472,474
0.013463271,0.0083,0.056276,455,456,458
0.013092302,0.008135234,0.056178534,456,457,458
0.012987743,0.007954508,0.05614012,445,448,458
0.014907698,0.008135234,0.056178534,459,444,445
0.014536729,0.0083,0.056276,459,460,462
0.014536729,0.0083,0.056526,444,459,462
0.0145,-0.014155319,0.067801,460,461,462
0.0145,-0.013905319,0.067801,462,463,441
0.0135,-0.013905319,0.067801,467,463,466
0.0135,-0.014155319,0.067801,466,464,465
-0.01488,-0.003051,0.051621,463,464,466
-0.01488,-0.01563032,0.051621,440,463,435
-0.01488,0.00245,0.051621,435,467,475
-0.014775,0.0033,0.051621,467,468,470
-0.01488,0.0033,0.051621,468,469,470
-0.01488,0.0046,0.051621,472,473,474
-0.01488,0.0105,0.051621,470,471,474
-0.0149225,0.0107,0.051621,475,470,474
-0.0154775,0.0107,0.051621,467,470,475
-0.01552,0.0105,0.051621,475,438,436
-0.01552,0.0046,0.051621,475,436,435
-0.01552,0.0033,0.051621,463,467,435
-0.015625,0.0033,0.051621,475,395,394
-0.01552,0.00245,0.051621,475,394,438
-0.01552,-0.003051,0.051621,396,475,474
-0.01552,-0.01563032,0.051621,396,395,475
-0.01488,-0.01663032,0.052621,474,473,397
-0.01552,-0.01663032,0.052621,474,397,396
-0.01552,-0.01663032,0.067420724,476,477,397
-0.01488,-0.01663032,0.067420724,476,397,473
-0.01488,-0.01727032,0.067420724,478,480,477
-0.01488,-0.01727032,0.052621,480,397,477
-0.01488,-0.01563032,0.050981,480,478,479
-0.01488,-0.003051,0.050981,398,397,480
-0.01488,0.00245,0.050981,481,398,480
-0.014775,0.0033,0.050981,481,472,398
-0.01488,0.0033,0.050981,399,472,471
-0.01488,0.0046,0.050981,398,472,399
-0.01488,0.0105,0.050981,399,471,470
-0.0149225,0.0107,0.050981,399,470,400
-0.015014732,0.011134032,0.051105457,470,401,400
-0.01505,0.0113,0.051226,469,401,470
-0.01505,0.0113,0.051376,402,401,469
-0.015014732,0.011134032,0.051496543,402,469,468
-0.01552,-0.01563032,0.050981,465,405,466
-0.01552,-0.003051,0.050981,405,404,466
-0.01552,0.00245,0.050981,402,468,467
-0.015625,0.0033,0.050981,402,467,403
-0.01552,0.0033,0.050981,466,404,467
-0.01552,0.0046,0.050981,404,403,467
-0.01552,0.0105,0.050981,464,405,465
-0.0154775,0.0107,0.050981,464,406,405
-0.01552,-0.01727032,0.052621,406,463,407
-0.01552,-0.01727032,0.067420724,464,463,406
-0.015385268,0.011134032,0.051496543,463,462,408
-0.01535,0.0113,0.051376,463,408,407
-0.01535,0.0113,0.051226,408,461,409
-0.015385268,0.011134032,0.051105457,462,461,408
-0.0153,-0.01705032,0.067801775,409,461,460
-0.0153,-0.01685032,0.067801775,409,460,410
-0.0151,-0.01685032,0.067801775,460,459,411
-0.0151,-0.01705032,0.067801775,460,411,410
0.0011,-0.0092,0.056001,458,412,459
0.0011,-0.012630319,0.056001,412,411,459
0.0011,-0.0075,0.056001,412,457,413
0.0007,-0.0065,0.056001,458,457,412
0.0007,-0.0055,0.056001,457,414,413
0.000305264,-0.004332017,0.056001,457,456,414
0.0004,-0.0042,0.056001,414,455,415
0.00055,-0.0042,0.056001,456,455,414
0.000638235,-0.004052941,0.056001,416,455,454
0.000261765,-0.003347059,0.056001,416,415,455
0.00035,-0.0032,0.056001,416,453,417
0.0006,-0.0032,0.056001,454,453,416
0.0006,-0.0022,0.056001,453,452,418
0.0001,-0.0022,0.056001,453,418,417
-0.0001,-0.0022,0.056001,377,376,418
-0.0001,0.0008,0.056001,377,418,452
0.0006,0.0008,0.056001,481,483,476
0.0006,0.006444389,0.056001,473,472,481
0.000697887,0.007062423,0.056001,481,482,483
0.00077508,0.0073,0.056001,473,481,476
0.00322492,0.0073,0.056001,477,476,478
0.003302113,0.007062423,0.056001,483,484,478
0.0034,0.006444389,0.056001,476,483,478
0.0034,0.0008,0.056001,484,485,478
0.0041,0.0008,0.056001,485,486,487
0.0041,-0.0022,0.056001,478,485,479
0.0039,-0.0022,0.056001,485,487,488
0.0034,-0.0022,0.056001,485,488,479
0.0034,-0.0032,0.056001,488,489,479
0.00365,-0.0032,0.056001,489,482,479
0.003738235,-0.003347059,0.056001,482,481,479
0.003361765,-0.004052941,0.056001,481,480,479
0.00345,-0.0042,0.056001,482,489,483
0.0036,-0.0042,0.056001,489,490,484
0.003694736,-0.004332017,0.056001,490,491,484
0.0033,-0.0055,0.056001,489,484,483
0.0033,-0.0065,0.056001,486,491,492
0.0029,-0.0075,0.056001,486,484,491
0.0029,-0.0092,0.056001,486,492,493
0.0029,-0.012630319,0.056001,485,484,486
0.0011,-0.014430319,0.057801,487,493,494
0.0029,-0.014430319,0.057801,487,486,493
0.0029,-0.014430319,0.067001,487,495,490
0.0028,-0.014430319,0.067201,487,489,488
0.0012,-0.014430319,0.067201,487,494,495
0.0011,-0.014430319,0.067001,487,490,489
0.0011,-0.013630319,0.067001,490,492,491
0.0011,-0.013630319,0.057801,490,495,492
0.0011,-0.012630319,0.056801,493,492,495
0.0011,-0.0092,0.056801,493,495,494
0.0011,-0.0075,0.056801,378,419,391
0.0007,-0.0065,0.056801,378,451,419
0.0007,-0.0055,0.056801,390,379,378
0.000305264,-0.004332017,0.056801,390,378,391
0.0004,-0.0042,0.056801,388,380,1046
0.00055,-0.0042,0.056801,379,390,1047
0.000638235,-0.004052941,0.056801,388,1046,1047
0.000261765,-0.003347059,0.056801,379,1047,1046
0.00035,-0.0032,0.056801,419,450,420
0.0006,-0.0032,0.056801,451,450,419
0.0006,-0.0022,0.056801,421,450,449
0.0001,-0.0022,0.056801,421,420,450
-0.0001,-0.0022,0.056801,421,449,448
-0.0001,0.0008,0.056801,421,448,422
0.0029,-0.012630319,0.056801,422,448,447
0.0029,-0.0092,0.056801,422,447,423
0.0029,-0.0075,0.056801,423,447,446
0.0033,-0.0065,0.056801,423,446,424
0.0033,-0.0055,0.056801,425,446,445
0.003694736,-0.004332017,0.056801,425,424,446
0.0036,-0.0042,0.056801,426,425,444
0.00345,-0.0042,0.056801,425,445,444
0.003361765,-0.004052941,0.056801,427,444,443
0.003738235,-0.003347059,0.056801,427,426,444
0.00365,-0.0032,0.056801,442,428,427
0.0034,-0.0032,0.056801,442,427,443
0.0034,-0.0022,0.056801,428,441,429
0.0039,-0.0022,0.056801,442,441,428
0.0041,-0.0022,0.056801,441,440,430
0.0041,0.0008,0.056801,441,430,429
0.0034,0.0008,0.056801,430,439,431
0.0034,0.006444389,0.056801,440,439,430
0.003302113,0.007062423,0.056801,437,432,431
0.00322492,0.0073,0.056801,437,431,439
0.00077508,0.0073,0.056801,497,496,510
0.000697887,0.007062423,0.056801,509,510,496
0.0006,0.006444389,0.056801,507,509,498
0.0006,0.0008,0.056801,498,499,500
0.0029,-0.013630319,0.057801,506,507,501
0.0012,-0.013630319,0.067201,501,502,506
0.0028,-0.013630319,0.067201,502,503,504
0.0029,-0.013630319,0.067001,502,504,505
0.003012257,0.007954508,0.05614012,498,509,496
0.003012257,0.007954508,0.05666188,502,505,506
0.000987743,0.007954508,0.05666188,507,500,501
0.002907698,0.008135234,0.056623466,500,507,498
0.001092302,0.008135234,0.056623466,507,508,509
0.001463271,0.0083,0.056526,511,497,510
0.001463271,0.0083,0.056276,513,512,497
0.001092302,0.008135234,0.056178534,511,513,497
0.000987743,0.007954508,0.05614012,513,514,515
0.002907698,0.008135234,0.056178534,513,515,512
0.002536729,0.0083,0.056276,516,512,515
0.002536729,0.0083,0.056526,517,512,516
0.0025,-0.014155319,0.067801,517,497,512
0.0025,-0.013905319,0.067801,517,518,497
0.0015,-0.013905319,0.067801,496,497,518
0.0015,-0.014155319,0.067801,496,518,519
0.0131,-0.019430324,0.05939844,520,498,496
0.0131,-0.018630324,0.05939844,520,496,519
0.0149,-0.019430324,0.05939844,520,499,498
0.0149,-0.018630324,0.05939844,520,521,499
0.0071,-0.019430324,0.05939844,521,522,500
0.0071,-0.018630324,0.05939844,521,500,499
0.0089,-0.019430324,0.05939844,523,500,522
0.0089,-0.018630324,0.05939844,501,500,523
0.0011,-0.019430324,0.05939844,524,501,523
0.0011,-0.018630324,0.05939844,524,502,501
0.0029,-0.019430324,0.05939844,526,527,528
0.0029,-0.018630324,0.05939844,526,528,529
-0.0049,-0.019430324,0.05939844,525,526,529
-0.0049,-0.018630324,0.05939844,503,525,529
-0.0031,-0.019430324,0.05939844,503,502,525
-0.0031,-0.018630324,0.05939844,502,524,525
,,,534,532,533
,,,523,534,535
,,,535,524,523
,,,537,524,536
,,,537,525,524
,,,522,532,534
,,,535,536,524
,,,523,522,534
,,,520,532,522
,,,519,531,532
,,,520,522,521
,,,519,532,520
,,,531,519,518
,,,531,518,530
,,,538,518,517
,,,538,530,518
,,,539,517,516
,,,539,538,517
,,,513,538,539
,,,513,539,514
,,,538,513,511
,,,538,511,530
,,,510,530,511
,,,510,531,530
,,,532,510,509
,,,532,531,510
,,,508,533,532
,,,508,532,509
,,,534,533,508
,,,534,508,507
,,,535,507,506
,,,507,535,534
,,,535,505,536
,,,535,506,505
,,,536,505,537
,,,543,540,541
,,,542,543,541
,,,504,540,537
,,,505,504,537
,,,540,543,537
,,,525,537,543
,,,525,543,526
,,,527,526,543
,,,527,543,542
,,,542,541,528
,,,542,528,527
,,,540,529,528
,,,540,528,541
,,,540,504,503
,,,529,540,503
,,,544,545,539
,,,545,514,539
,,,515,514,545
,,,515,545,546
,,,516,515,546
,,,516,546,547
,,,544,539,547
,,,539,516,547
,,,545,544,546
,,,547,546,544
,,,553,554,555
,,,548,585,586
,,,584,585,551
,,,578,579,576
,,,552,553,555
,,,552,555,556
,,,561,563,564
,,,556,557,559
,,,557,558,559
,,,556,559,576
,,,575,560,564
,,,561,562,563
,,,560,561,564
,,,567,568,569
,,,564,565,571
,,,565,566,569
,,,575,576,559
,,,566,567,569
,,,565,569,570
,,,548,550,585
,,,552,556,583
,,,565,570,571
,,,575,571,574
,,,571,572,574
,,,572,573,574
,,,571,575,564
,,,560,575,559
,,,578,576,577
,,,552,583,584
,,,556,576,579
,,,583,579,580
,,,582,580,581
,,,583,580,582
,,,556,579,583
,,,551,552,584
,,,585,550,551
,,,586,587,549
,,,548,586,549
,,,589,549,587
,,,589,588,549
,,,589,590,593
,,,591,592,590
,,,592,593,590
,,,588,589,593
,,,595,588,593
,,,595,593,594
,,,549,588,595
,,,549,595,596
,,,597,548,549
,,,597,549,596
,,,597,550,548
,,,597,598,550
,,,598,551,550
,,,598,599,551
,,,552,551,599
,,,552,599,600
,,,600,553,552
,,,600,601,553
,,,602,554,553
,,,602,553,601
,,,554,603,555
,,,554,602,603
,,,603,604,556
,,,555,603,556
,,,605,556,604
,,,557,556,605
,,,605,558,557
,,,605,606,558
,,,606,559,558
,,,606,607,559
,,,560,559,607
,,,560,607,608
,,,608,561,560
,,,608,609,561
,,,561,610,562
,,,561,609,610
,,,610,563,562
,,,610,611,563
,,,635,608,624
,,,614,599,598
,,,619,616,617
,,,607,605,604
,,,619,617,618
,,,620,616,619
,,,628,625,627
,,,623,620,621
,,,623,621,622
,,,623,604,620
,,,626,627,625
,,,628,624,625
,,,634,629,630
,,,629,635,628
,,,629,634,635
,,,630,632,633
,,,630,631,632
,,,634,630,633
,,,607,623,624
,,,600,616,620
,,,597,613,614
,,,635,624,628
,,,596,612,613
,,,609,635,611
,,,609,611,610
,,,608,635,609
,,,607,624,608
,,,606,605,607
,,,599,615,616
,,,623,607,604
,,,603,600,604
,,,602,601,603
,,,601,600,603
,,,600,620,604
,,,599,616,600
,,,614,615,599
,,,597,614,598
,,,596,613,597
,,,595,636,596
,,,636,612,596
,,,639,594,637
,,,594,639,636
,,,639,637,638
,,,594,636,595
,,,636,590,589
,,,636,639,590
,,,636,589,587
,,,636,587,612
,,,586,613,612
,,,586,612,587
,,,613,585,614
,,,586,585,613
,,,585,584,615
,,,585,615,614
,,,584,583,616
,,,584,616,615
,,,582,616,583
,,,582,617,616
,,,617,581,618
,,,617,582,581
,,,618,580,619
,,,581,580,618
,,,579,620,580
,,,620,619,580
,,,621,579,578
,,,621,620,579
,,,621,578,577
,,,621,577,622
,,,622,576,623
,,,577,576,622
,,,576,575,624
,,,576,624,623
,,,624,574,625
,,,575,574,624
,,,574,573,626
,,,574,626,625
,,,626,573,572
,,,626,572,627
,,,571,627,572
,,,628,627,571
,,,570,629,628
,,,570,628,571
,,,629,569,630
,,,629,570,569
,,,631,568,640
,,,641,631,640
,,,569,568,630
,,,568,631,630
,,,632,631,641
,,,642,632,641
,,,643,644,641
,,,644,642,641
,,,647,644,645
,,,647,645,646
,,,642,644,647
,,,642,647,648
,,,632,642,648
,,,633,632,566
,,,632,648,567
,,,632,567,566
,,,634,566,565
,,,634,633,566
,,,634,565,564
,,,634,564,635
,,,563,635,564
,,,611,635,563
,,,649,640,647
,,,568,567,640
,,,640,648,647
,,,567,648,640
,,,643,649,650
,,,641,640,649
,,,643,650,651
,,,641,649,643
,,,651,645,644
,,,651,644,643
,,,650,646,645
,,,650,645,651
,,,647,646,649
,,,649,646,650
,,,653,652,591
,,,653,591,638
,,,590,639,591
,,,639,638,591
,,,637,654,653
,,,638,637,653
,,,652,653,654
,,,652,654,655
,,,592,591,655
,,,591,652,655
,,,655,654,592
,,,637,594,592
,,,594,593,592
,,,654,637,592
,,,661,662,663
,,,656,693,694
,,,692,693,659
,,,686,687,684
,,,660,661,663
,,,660,663,664
,,,669,671,672
,,,664,665,667
,,,665,666,667
,,,664,667,684
,,,683,668,672
,,,669,670,671
,,,668,669,672
,,,677,674,676
,,,673,678,672
,,,673,674,677
,,,683,684,667
,,,674,675,676
,,,673,677,678
,,,656,658,693
,,,687,691,664
,,,678,679,672
,,,683,679,682
,,,679,680,682
,,,680,681,682
,,,679,683,672
,,,668,683,667
,,,686,684,685
,,,660,691,692
,,,664,684,687
,,,691,687,688
,,,690,688,689
,,,691,688,690
,,,691,660,664
,,,659,660,692
,,,693,658,659
,,,656,694,657
,,,694,695,657
,,,697,696,657
,,,697,657,695
,,,697,698,701
,,,699,700,698
,,,700,701,698
,,,696,697,701
,,,703,696,701
,,,703,701,702
,,,657,696,703
,,,657,703,704
,,,705,656,657
,,,705,657,704
,,,705,658,656
,,,705,706,658
,,,659,658,706
,,,659,706,707
,,,660,659,707
,,,660,707,708
,,,708,661,660
,,,708,709,661
,,,710,662,661
,,,710,661,709
,,,662,711,663
,,,662,710,711
,,,663,711,712
,,,663,712,664
,,,713,664,712
,,,665,664,713
,,,713,666,665
,,,713,714,666
,,,715,666,714
,,,667,666,715
,,,668,667,715
,,,668,715,716
,,,717,668,716
,,,669,668,717
,,,669,718,670
,,,669,717,718
,,,718,671,670
,,,718,719,671
,,,743,716,732
,,,722,707,706
,,,727,724,725
,,,715,713,712
,,,727,725,726
,,,728,724,727
,,,736,733,735
,,,731,728,729
,,,731,729,730
,,,731,712,728
,,,734,735,733
,,,736,732,733
,,,738,742,737
,,,742,736,737
,,,742,743,736
,,,741,738,739
,,,741,739,740
,,,738,741,742
,,,715,731,732
,,,712,708,724
,,,705,721,722
,,,743,732,736
,,,704,721,705
,,,717,743,719
,,,717,719,718
,,,716,743,717
,,,715,732,716
,,,714,713,715
,,,707,723,724
,,,731,715,712
,,,711,708,712
,,,710,709,711
,,,709,708,711
,,,712,724,728
,,,707,724,708
,,,722,723,707
,,,705,722,706
,,,704,720,721
,,,703,744,720
,,,704,703,720
,,,746,747,702
,,,702,747,744
,,,746,702,745
,,,702,744,703
,,,744,698,697
,,,744,747,698
,,,744,697,695
,,,744,695,720
,,,694,721,720
,,,694,720,695
,,,721,693,722
,,,694,693,721
,,,692,723,722
,,,692,722,693
,,,692,691,724
,,,692,724,723
,,,690,724,691
,,,690,725,724
,,,725,690,689
,,,725,689,726
,,,726,688,727
,,,689,688,726
,,,728,727,687
,,,727,688,687
,,,687,686,729
,,,687,729,728
,,,729,686,685
,,,729,685,730
,,,730,684,731
,,,685,684,730
,,,684,683,732
,,,684,732,731
,,,732,682,733
,,,683,682,732
,,,681,734,682
,,,733,682,734
,,,734,681,680
,,,734,680,735
,,,736,680,679
,,,736,735,680
,,,678,737,736
,,,678,736,679
,,,737,677,738
,,,737,678,677
,,,676,748,739
,,,748,749,739
,,,738,677,739
,,,677,676,739
,,,749,750,740
,,,739,749,740
,,,751,752,749
,,,752,750,749
,,,755,752,753
,,,755,753,754
,,,750,752,755
,,,750,755,756
,,,740,750,756
,,,741,740,674
,,,740,756,675
,,,740,675,674
,,,742,674,673
,,,742,741,674
,,,742,673,672
,,,742,672,743
,,,671,743,672
,,,719,743,671
,,,757,748,755
,,,676,675,748
,,,748,756,755
,,,675,756,748
,,,759,751,757
,,,751,748,757
,,,759,757,758
,,,749,748,751
,,,753,752,751
,,,753,751,759
,,,758,754,753
,,,758,753,759
,,,755,754,757
,,,757,754,758
,,,761,760,699
,,,761,699,746
,,,698,747,699
,,,747,746,699
,,,746,745,762
,,,746,762,761
,,,760,761,762
,,,760,762,763
,,,760,763,699
,,,763,700,699
,,,763,762,700
,,,745,702,700
,,,702,701,700
,,,762,745,700
,,,769,770,771
,,,764,801,802
,,,766,767,800
,,,794,795,792
,,,768,769,771
,,,768,771,772
,,,777,779,780
,,,772,773,775
,,,773,774,775
,,,775,792,795
,,,791,776,780
,,,777,778,779
,,,776,777,780
,,,783,784,785
,,,780,781,787
,,,781,782,785
,,,791,792,775
,,,782,783,785
,,,781,785,786
,,,764,766,801
,,,772,795,768
,,,781,786,787
,,,791,787,790
,,,787,788,790
,,,788,789,790
,,,787,791,780
,,,776,791,775
,,,794,792,793
,,,768,799,800
,,,772,775,795
,,,799,795,796
,,,798,796,797
,,,799,796,798
,,,795,799,768
,,,767,768,800
,,,801,766,800
,,,802,803,765
,,,764,802,765
,,,803,805,804
,,,803,804,765
,,,805,806,809
,,,807,808,806
,,,808,809,806
,,,804,805,809
,,,811,804,809
,,,811,809,810
,,,765,804,811
,,,765,811,812
,,,813,764,765
,,,813,765,812
,,,813,766,764
,,,813,814,766
,,,766,814,815
,,,766,815,767
,,,768,767,815
,,,768,815,816
,,,816,769,768
,,,816,817,769
,,,769,817,818
,,,769,818,770
,,,819,770,818
,,,771,770,819
,,,771,819,820
,,,771,820,772
,,,821,772,820
,,,773,772,821
,,,821,774,773
,,,821,822,774
,,,822,775,774
,,,822,823,775
,,,776,775,823
,,,776,823,824
,,,825,776,824
,,,777,776,825
,,,778,777,825
,,,778,825,826
,,,826,779,778
,,,826,827,779
,,,851,824,840
,,,815,814,830
,,,835,832,833
,,,823,821,820
,,,835,833,834
,,,836,832,835
,,,844,841,843
,,,839,836,837
,,,839,837,838
,,,820,836,839
,,,842,843,841
,,,844,840,841
,,,846,849,845
,,,850,844,845
,,,850,851,844
,,,849,846,847
,,,849,847,848
,,,850,845,849
,,,823,839,840
,,,816,832,836
,,,813,829,830
,,,851,840,844
,,,812,828,829
,,,825,851,827
,,,825,827,826
,,,824,851,825
,,,823,840,824
,,,822,821,823
,,,832,816,815
,,,820,839,823
,,,819,816,820
,,,818,817,819
,,,817,816,819
,,,816,836,820
,,,832,815,831
,,,815,830,831
,,,813,830,814
,,,812,829,813
,,,828,812,811
,,,852,828,811
,,,855,810,853
,,,810,855,852
,,,855,853,854
,,,810,852,811
,,,852,806,805
,,,852,855,806
,,,852,805,803
,,,852,803,828
,,,802,829,828
,,,802,828,803
,,,829,801,830
,,,802,801,829
,,,801,800,831
,,,801,831,830
,,,800,799,832
,,,800,832,831
,,,798,832,799
,,,798,833,832
,,,797,834,833
,,,797,833,798
,,,834,796,835
,,,797,796,834
,,,795,836,796
,,,836,835,796
,,,837,836,794
,,,795,794,836
,,,837,794,793
,,,837,793,838
,,,838,792,839
,,,793,792,838
,,,792,791,840
,,,792,840,839
,,,840,790,841
,,,791,790,840
,,,790,842,841
,,,790,789,842
,,,842,789,788
,,,842,788,843
,,,843,788,787
,,,843,787,844
,,,786,845,844
,,,786,844,787
,,,845,785,846
,,,845,786,785
,,,784,857,847
,,,857,784,856
,,,846,785,847
,,,785,784,847
,,,848,847,857
,,,858,848,857
,,,859,860,857
,,,860,858,857
,,,863,860,861
,,,863,861,862
,,,858,860,863
,,,858,863,864
,,,783,848,864
,,,849,848,782
,,,848,858,864
,,,848,783,782
,,,850,782,781
,,,850,849,782
,,,850,781,780
,,,850,780,851
,,,779,851,780
,,,827,851,779
,,,865,856,863
,,,784,783,856
,,,856,864,863
,,,783,864,856
,,,859,865,866
,,,857,856,865
,,,859,866,867
,,,857,865,859
,,,861,860,859
,,,861,859,867
,,,866,862,861
,,,866,861,867
,,,863,862,865
,,,865,862,866
,,,869,868,807
,,,869,807,854
,,,806,855,807
,,,855,854,807
,,,869,854,870
,,,854,853,870
,,,868,869,870
,,,868,870,871
,,,868,871,807
,,,871,808,807
,,,871,870,808
,,,853,810,808
,,,810,809,808
,,,870,853,808
,,,873,872,886
,,,885,886,872
,,,883,885,874
,,,874,875,876
,,,876,877,882
,,,882,877,878
,,,878,879,880
,,,878,880,881
,,,874,885,872
,,,881,882,878
,,,883,876,882
,,,876,883,874
,,,883,884,885
,,,887,873,886
,,,887,889,888
,,,873,887,888
,,,891,888,890
,,,888,889,890
,,,892,888,891
,,,893,888,892
,,,893,873,888
,,,893,894,873
,,,872,873,894
,,,872,894,895
,,,896,874,872
,,,896,872,895
,,,896,875,874
,,,896,897,875
,,,897,898,876
,,,897,876,875
,,,899,876,898
,,,877,876,899
,,,900,877,899
,,,900,878,877
,,,905,902,904
,,,902,903,904
,,,879,901,905
,,,901,902,905
,,,901,879,878
,,,901,878,900
,,,910,908,909
,,,911,899,898
,,,899,911,912
,,,901,900,912
,,,901,912,913
,,,910,896,908
,,,899,912,900
,,,911,898,910
,,,910,898,896
,,,895,907,908
,,,896,898,897
,,,895,908,896
,,,907,895,894
,,,907,894,906
,,,894,893,914
,,,894,914,906
,,,892,915,914
,,,892,914,893
,,,889,914,915
,,,889,915,890
,,,914,889,887
,,,914,887,906
,,,886,906,887
,,,886,907,906
,,,908,886,885
,,,908,907,886
,,,884,909,908
,,,884,908,885
,,,910,909,884
,,,910,884,883
,,,911,883,882
,,,883,911,910
,,,911,881,912
,,,911,882,881
,,,881,880,913
,,,919,916,917
,,,918,919,917
,,,880,916,913
,,,912,881,913
,,,916,919,913
,,,901,913,919
,,,901,919,902
,,,903,902,919
,,,903,919,918
,,,918,917,904
,,,918,904,903
,,,916,905,904
,,,916,904,917
,,,905,916,879
,,,916,880,879
,,,920,921,915
,,,921,890,915
,,,922,891,921
,,,891,890,921
,,,892,891,922
,,,892,922,923
,,,920,915,923
,,,915,892,923
,,,921,920,922
,,,923,922,920
,,,929,930,931
,,,924,961,962
,,,926,927,960
,,,954,955,952
,,,928,929,931
,,,928,931,932
,,,937,939,940
,,,932,933,935
,,,933,934,935
,,,952,955,935
,,,951,936,940
,,,937,938,939
,,,936,937,940
,,,943,944,945
,,,941,946,940
,,,945,946,942
,,,951,952,935
,,,942,943,945
,,,946,941,942
,,,924,926,961
,,,928,932,955
,,,946,947,940
,,,951,947,950
,,,947,948,950
,,,948,949,950
,,,947,951,940
,,,936,951,935
,,,954,952,953
,,,960,927,959
,,,955,932,935
,,,959,955,956
,,,958,956,957
,,,959,956,958
,,,959,928,955
,,,927,928,959
,,,961,926,960
,,,925,924,963
,,,924,962,963
,,,925,963,965
,,,925,965,964
,,,969,964,966
,,,968,969,967
,,,969,966,967
,,,964,965,966
,,,971,964,969
,,,971,969,970
,,,925,964,971
,,,925,971,972
,,,973,924,925
,,,973,925,972
,,,973,926,924
,,,973,974,926
,,,927,926,974
,,,927,974,975
,,,928,927,975
,,,928,975,976
,,,976,929,928
,,,976,977,929
,,,978,930,929
,,,978,929,977
,,,931,930,978
,,,931,978,979
,,,931,979,980
,,,931,980,932
,,,981,933,932
,,,981,932,980
,,,981,934,933
,,,981,982,934
,,,983,934,982
,,,935,934,983
,,,936,935,983
,,,936,983,984
,,,985,936,984
,,,937,936,985
,,,985,986,938
,,,985,938,937
,,,986,939,938
,,,986,987,939
,,,1011,984,1000
,,,974,990,991
,,,995,992,993
,,,983,981,980
,,,995,993,994
,,,996,992,995
,,,1004,1001,1003
,,,999,996,997
,,,999,997,998
,,,983,996,999
,,,1002,1003,1001
,,,1004,1000,1001
,,,1006,1009,1005
,,,1010,1004,1005
,,,1010,1011,1004
,,,1009,1006,1007
,,,1009,1007,1008
,,,1010,1005,1009
,,,983,999,1000
,,,976,992,996
,,,973,989,990
,,,1011,1000,1004
,,,988,973,972
,,,985,1011,987
,,,985,987,986
,,,984,1011,985
,,,983,1000,984
,,,982,981,983
,,,975,991,992
,,,980,996,983
,,,979,976,980
,,,978,977,979
,,,977,976,979
,,,976,996,980
,,,975,992,976
,,,974,991,975
,,,973,990,974
,,,988,989,973
,,,1012,988,971
,,,988,972,971
,,,1015,970,1013
,,,970,1015,1012
,,,1015,1013,1014
,,,970,1012,971
,,,1012,966,965
,,,1012,1015,966
,,,1012,965,963
,,,1012,963,988
,,,962,989,988
,,,962,988,963
,,,989,961,990
,,,962,961,989
,,,960,991,990
,,,960,990,961
,,,960,959,992
,,,960,992,991
,,,958,992,959
,,,958,993,992
,,,993,958,957
,,,993,957,994
,,,994,956,995
,,,957,956,994
,,,955,996,956
,,,996,995,956
,,,955,954,997
,,,955,997,996
,,,997,954,953
,,,997,953,998
,,,998,952,999
,,,953,952,998
,,,952,951,1000
,,,952,1000,999
,,,1000,950,1001
,,,951,950,1000
,,,1001,950,949
,,,1001,949,1002
,,,1002,949,948
,,,1002,948,1003
,,,1003,948,947
,,,1003,947,1004
,,,946,1005,1004
,,,946,1004,947
,,,946,945,1006
,,,946,1006,1005
,,,944,1016,1007
,,,1016,1017,1007
,,,1006,945,1007
,,,945,944,1007
,,,1008,1007,1017
,,,1018,1008,1017
,,,1019,1020,1017
,,,1020,1018,1017
,,,1023,1020,1021
,,,1023,1021,1022
,,,1018,1020,1023
,,,1018,1023,1024
,,,1008,1018,1024
,,,1008,943,942
,,,1008,1024,943
,,,1009,1008,942
,,,1010,942,941
,,,1010,1009,942
,,,1010,941,940
,,,1010,940,1011
,,,940,987,1011
,,,940,939,987
,,,1025,1016,1023
,,,944,943,1016
,,,1016,1024,1023
,,,943,1024,1016
,,,1019,1025,1026
,,,1019,1016,1025
,,,1019,1026,1027
,,,1017,1016,1019
,,,1021,1019,1027
,,,1021,1020,1019
,,,1027,1026,1022
,,,1027,1022,1021
,,,1023,1022,1025
,,,1025,1022,1026
,,,1029,1028,967
,,,1029,967,1014
,,,966,1015,967
,,,1015,1014,967
,,,1014,1013,1030
,,,1014,1030,1029
,,,1028,1029,1030
,,,1028,1030,1031
,,,1028,1031,967
,,,1031,968,967
,,,1031,1030,968
,,,1013,970,968
,,,970,969,968
,,,1030,1013,968
